Zeit (in s);x (in m)
0;0
0.4117;0.013372
0.8117;0.050202
1.212;0.111412
1.612;0.186812
2.012;0.277412
2.412;0.369812
2.812;0.464012
3.212;0.565312
3.613;0.669012
4.013;0.772912
4.413;0.873112
